property_tax_id,id,2018.total,2019.total,2022.total,2017.total,2021.total,2013.total,2014.total,2015.total,2016.total,2020.total,2023.total
0,"7420-FM-2673,-Canyon-Lake,-TX-78133",,,,,,,,,,,
1,"1350-Hinch-Dr,-New-Braunfels,-TX-78132",,,,,,,,,,,
2,"1200-Hinch-Dr,-New-Braunfels,-TX-78132",178.0,136.0,120.0,,,,,,,,
3,"1340-Hinch-Dr,-New-Braunfels,-TX-78132",2312.0,5999.0,6754.0,,,,,,,,
4,"1331-Hinch-Dr,-New-Braunfels,-TX-78132",1802.0,,3320.0,,,,,,,,
5,"187-Madrona-Dr,-New-Braunfels,-TX-78132",,,,,,,,,,,
6,"1171-Hinch-Dr,-New-Braunfels,-TX-78132",1167.0,,,276.0,,,,,,,
7,"1501-Old-Sattler-Rd,-New-Braunfels,-TX-78132",1167.0,3582.0,5744.0,,,,,,,,
8,"1250-Hinch-Dr,-New-Braunfels,-TX-78132",,,,,,,,,,,
9,"7106-FM-2673,-Canyon-Lake,-TX-78133",,,,,,,,,,,
10,"7034-FM-2673,-Canyon-Lake,-TX-78133",,,3834.0,,,,,,,,
11,"5509-Roanwood,-San-Antonio,-TX-78244",,,,,,,,,,,
12,"5528-Lochmoor,-San-Antonio,-TX-78244",,,,,,,,,,,
13,"5523-Lochmoor,-Apt-2,-San-Antonio,-TX-78244",,,,,,,,,,,
14,"5721-Lochmoor,-San-Antonio,-TX-78244",,,,,,,,,,,
15,"5519-Lochmoor,-Apt-2,-San-Antonio,-TX-78244",,,,,,,,,,,
16,"5527-Lochmoor,---2,-San-Antonio,-TX-78244",,,,,,,,,,,
17,"5520-Lochmoor,-San-Antonio,-TX-78244",,,,,,,,,,,
18,"5512-Lochmoor,-San-Antonio,-TX-78244",,,,,,,,,,,
19,"5516-Lochmoor,-San-Antonio,-TX-78244",,,,,,,,,,,
20,"5511-Lochmoor,-Apt-2,-San-Antonio,-TX-78244",,,,,,,,,,,
21,"5705-Lochmoor,-San-Antonio,-TX-78244",,,,,,,,,,,
22,"5315-Shadow-Lake-Dr,-San-Antonio,-TX-78244",,1966.0,2187.0,,2261.0,,,,,,1598.0
23,"7020-Atherton,-San-Antonio,-TX-78244",,,,,,,,,,,
24,"7002-Atherton,-San-Antonio,-TX-78244",,,,,,,,,,,
25,"5713-Lochmoor,-San-Antonio,-TX-78244",,,,,,,,,,,
26,"5223-Lakebend-East-Dr,-San-Antonio,-TX-78244",,2970.0,3929.0,,3411.0,,,,,,4069.0
27,"5319-Lakebend-East-Dr,-San-Antonio,-TX-78244",,3377.0,3388.0,,3729.0,,,,,,2788.0
28,"5307-Lakebend-East-Dr,-San-Antonio,-TX-78244",,3015.0,3475.0,,3495.0,,,,,,2848.0
29,"7024-Atherton,-San-Antonio,-TX-78244",,,,,,,,,,,
30,"5310-Lake,-Golden,-San-Antonio,-TX-78244",,1461.0,1542.0,,1543.0,,,,,,778.0
31,"5327-Lakebend-East-Dr,-San-Antonio,-TX-78244",,3307.0,4292.0,,3691.0,,,,,,4432.0
32,"5515-Roanwood,-San-Antonio,-TX-78244",,,,,,,,,,,
33,"5508-Grand-Lake-Dr,-San-Antonio,-TX-78244",2921.0,3001.0,3963.0,2539.0,3433.0,1654.0,1838.0,1989.0,2489.0,3041.0,4103.0
34,"5523-Lochmoor,-Apt-1,-San-Antonio,-TX-78244",,,,,,,,,,,
35,"5507-Lochmoor,-San-Antonio,-TX-78244",,3173.0,3685.0,,3616.0,,,,,,3572.0
36,"6831-Quail-Lk,-San-Antonio,-TX-78244",,2498.0,3704.0,,3205.0,,,,,,3835.0
37,"5322-Shadow-Lake-Dr,-San-Antonio,-TX-78244",,668.0,727.0,,741.0,,,,,,476.0
38,"5307-Shadow-Lake-Dr,-San-Antonio,-TX-78244",,2965.0,3764.0,,3446.0,,,,,,
39,"5403-Park-Lk,-San-Antonio,-TX-78244",,1655.0,1778.0,,1761.0,,,,,,1026.0
40,"5306-Shadow-Lake-Dr,-San-Antonio,-TX-78244",,1788.0,2981.0,,2567.0,,,,,,3107.0
41,"5407-Park-Lk,-San-Antonio,-TX-78244",,3164.0,3669.0,,3680.0,,,,,,3063.0
42,"5414-Shadow-Lake-Dr,-San-Antonio,-TX-78244",,2241.0,2592.0,,2639.0,,,,,,2005.0
43,"5414-Lake-Grove-Dr,-San-Antonio,-TX-78244",,2577.0,3026.0,,3060.0,,,,,,2430.0
44,"5526-Grand-Lake-Dr,-San-Antonio,-TX-78244",2957.0,3137.0,4174.0,2673.0,3521.0,1973.0,2159.0,2369.0,2627.0,3210.0,4323.0
45,"5410-Lake-Grove-Dr,-San-Antonio,-TX-78244",,2381.0,3253.0,,2805.0,,,,,,1052.0
46,"5527-Lochmoor,-San-Antonio,-TX-78244",,4980.0,5904.0,,5603.0,,,,,,5731.0
47,"6830-Blue-Lake-Dr,-San-Antonio,-TX-78244",,2226.0,2861.0,,2578.0,,,,,,2886.0
48,"6826-Blue-Lake-Dr,-San-Antonio,-TX-78244",,287.0,329.0,,349.0,,,,,,347.0
49,"6834-Blue-Lake-Dr,-San-Antonio,-TX-78244",,1340.0,1404.0,,1410.0,,,,,,697.0
50,"5602-Crater-Lake-Dr,-San-Antonio,-TX-78244",,2179.0,2266.0,,2266.0,,,,,,1046.0
51,"6847-Blue-Lake-Dr,-San-Antonio,-TX-78244",,2261.0,3645.0,,3100.0,,,,,,3750.0
52,"6838-Blue-Lake-Dr,-San-Antonio,-TX-78244",,2599.0,2905.0,,2949.0,,,,,,
53,"6842-Blue-Lake-Dr,-San-Antonio,-TX-78244",,2662.0,3629.0,,3135.0,,,,,,3763.0
54,"6901-Twin-Lake-Dr,-San-Antonio,-TX-78244",,2278.0,2550.0,,2609.0,,,,,,1956.0
55,"6839-Twin-Lake-Dr,-San-Antonio,-TX-78244",,3258.0,3804.0,,3728.0,,,,,,3180.0
56,"6915-Indian-Lake-Dr,-San-Antonio,-TX-78244",,2920.0,3303.0,,3332.0,,,,,,2702.0
57,"6910-Twin-Lake-Dr,-San-Antonio,-TX-78244",,2287.0,2407.0,,2399.0,,,,,,1268.0
58,"6903-Twin-Lake-Dr,-San-Antonio,-TX-78244",,2293.0,2186.0,,2624.0,,,,,,1360.0
59,"6915-Trail-Lk,-San-Antonio,-TX-78244",,2075.0,2202.0,,2187.0,,,,,,1083.0
60,"6906-Indian-Lake-Dr,-San-Antonio,-TX-78244",,,,,,,,,,,
61,"6930-Trail-Lk,-San-Antonio,-TX-78244",,62.0,,,,,,,,,
62,"6927-Trail-Lk,-San-Antonio,-TX-78244",,3192.0,2621.0,,3595.0,,,,,,1564.0
63,"6925-Trail-Lk,-San-Antonio,-TX-78244",,2732.0,3576.0,,3104.0,,,,,,2390.0
64,"6931-Trail-Lk,-San-Antonio,-TX-78244",,2529.0,3491.0,,3003.0,,,,,,3629.0
65,"6926-Trail-Lk,-San-Antonio,-TX-78244",,2635.0,3315.0,,3015.0,,,,,,3544.0
66,"6823-Twin-Lake-Dr,-San-Antonio,-TX-78244",,3338.0,3366.0,,3394.0,,,,,,2764.0
67,"6826-Indian-Lake-Dr,-San-Antonio,-TX-78244",,,,,,,,,,,
68,"5501-Grand-Lake-Dr,-San-Antonio,-TX-78244",,3054.0,4080.0,,3542.0,,,,,,3957.0
69,"6827-Twin-Lake-Dr,-San-Antonio,-TX-78244",,2899.0,4255.0,,3343.0,,,,,,4408.0
70,"5522-Grand-Lake-Dr,-San-Antonio,-TX-78244",,1188.0,1290.0,,1281.0,,,,,,842.0
71,"6835-Twin-Lake-Dr,-San-Antonio,-TX-78244",,2659.0,3627.0,,3102.0,,,,,,3544.0
72,"6834-Indian-Lake-Dr,-San-Antonio,-TX-78244",,2635.0,3625.0,,3015.0,,,,,,3517.0
73,"6830-Indian-Lake-Dr,-San-Antonio,-TX-78244",,1623.0,1728.0,,1719.0,,,,,,928.0
74,"6838-Indian-Lake-Dr,-San-Antonio,-TX-78244",,2799.0,3163.0,,3197.0,,,,,,2564.0
75,"6831-Twin-Lake-Dr,-San-Antonio,-TX-78244",,2800.0,3804.0,,3242.0,,,,,,3944.0
76,"6903-Indian-Lake-Dr,-San-Antonio,-TX-78244",,1606.0,1729.0,,1720.0,,,,,,899.0
77,"6910-Moon-Lake-Dr,-San-Antonio,-TX-78244",,3118.0,4227.0,,3558.0,,,,,,4368.0
78,"6838-Twin-Lake-Dr,-San-Antonio,-TX-78244",,1123.0,1188.0,,1194.0,,,,,,664.0
79,"6911-Twin-Lake-Dr,-San-Antonio,-TX-78244",,,,,,,,,,,
80,"6839-Indian-Lake-Dr,-San-Antonio,-TX-78244",,2714.0,3126.0,,3126.0,,,,,,2491.0
81,"7018-Atherton,-San-Antonio,-TX-78244",,3787.0,4484.0,,4316.0,,,,,,4356.0
82,"7022-Atherton,-San-Antonio,-TX-78244",,3416.0,3974.0,,3827.0,,,,,,3778.0
83,"5524-Lochmoor,-San-Antonio,-TX-78244",,,,,,,,,,,
84,"6919-Indian-Lake-Dr,-San-Antonio,-TX-78244",,3358.0,4370.0,,3762.0,,,,,,4512.0
85,"6922-Moon-Lake-Dr,-San-Antonio,-TX-78244",,1610.0,1712.0,,1703.0,,,,,,918.0
86,"6826-Still-Lk,-San-Antonio,-TX-78244",,3372.0,4338.0,,3723.0,,,,,,4476.0
87,"6827-Still-Lk,-San-Antonio,-TX-78244",,3364.0,4006.0,,3729.0,,,,,,4138.0
88,"6823-Still-Lk,-San-Antonio,-TX-78244",,3715.0,4253.0,,4074.0,,,,,,3041.0
89,"6819-Still-Lk,-San-Antonio,-TX-78244",3051.0,3128.0,4059.0,2646.0,3492.0,,,,,3172.0,4196.0
90,"6822-Still-Lk,-San-Antonio,-TX-78244",,,,,,,,,,,
91,"6902-Trail-Lk,-San-Antonio,-TX-78244",,2851.0,3256.0,,3283.0,,,,,,2657.0
92,"6835-Still-Lk,-San-Antonio,-TX-78244",,1643.0,1765.0,,1751.0,,,,,,1095.0
93,"6903-Quail-Lk,-San-Antonio,-TX-78244",,3186.0,3128.0,,3142.0,,,,,,2018.0
94,"6831-Still-Lk,-San-Antonio,-TX-78244",,1131.0,1223.0,,1218.0,,,,,,789.0
95,"6830-Still-Lk,-San-Antonio,-TX-78244",,2719.0,3067.0,,3104.0,,,,,,2481.0
96,"6906-Trail-Lk,-San-Antonio,-TX-78244",,2188.0,2309.0,,2295.0,,,,,,1100.0
97,"6907-Quail-Lk,-San-Antonio,-TX-78244",2719.0,2778.0,3583.0,2692.0,3086.0,,,,,2883.0,3626.0
98,"6906-Quail-Lk,-San-Antonio,-TX-78244",,3163.0,4451.0,,3876.0,,,,,,2941.0
99,"6905-Quail-Lk,-San-Antonio,-TX-78244",,2234.0,2397.0,,2461.0,,,,,,1807.0
100,"6903-Trail-Lk,-San-Antonio,-TX-78244",,2872.0,2824.0,,2869.0,,,,,,2231.0
101,"6911-Quail-Lk,-San-Antonio,-TX-78244",,3233.0,4216.0,,3628.0,,,,,,4126.0
102,"6910-Trail-Lk,-San-Antonio,-TX-78244",,2579.0,2299.0,,2289.0,,,,,,1180.0
103,"6913-Quail-Lk,-San-Antonio,-TX-78244",,3119.0,3114.0,,3149.0,,,,,,2516.0
104,"6910-Quail-Lk,-San-Antonio,-TX-78244",,2633.0,2950.0,,2987.0,,,,,,2365.0
105,"6909-Quail-Lk,-San-Antonio,-TX-78244",,2023.0,2253.0,,2322.0,,,,,,1664.0
106,"5303-Lakebend-East-Dr,-San-Antonio,-TX-78244",,,,,,,,,,,
107,"5418-Shadow-Lake-Dr,-San-Antonio,-TX-78244",,2767.0,3955.0,,3417.0,,,,,,4070.0
108,"5503-Lochmoor,-San-Antonio,-TX-78244",,3724.0,4232.0,,4144.0,,,,,,4229.0
109,"7006-Atherton,-San-Antonio,-TX-78244",,,,,,,,,,,
110,"5402-Park-Lk,-San-Antonio,-TX-78244",,,,,,,,,,,
111,"5318-Lake,-Golden,-San-Antonio,-TX-78244",,3323.0,4081.0,,4068.0,,,,,,3466.0
112,"5511-Roanwood,-San-Antonio,-TX-78244",,1969.0,2041.0,,2040.0,,,,,,708.0
113,"5315-Lakebend-East-Dr,-San-Antonio,-TX-78244",,1835.0,1939.0,,1929.0,,,,,,986.0
114,"5512-Grand-Lake-Dr,-San-Antonio,-TX-78244",,2790.0,3758.0,,3218.0,,,,,,3893.0
115,"5504-Grand-Lake-Dr,-San-Antonio,-TX-78244",,2664.0,3678.0,,3161.0,,,,,,3553.0
116,"5514-Lochmoor,-San-Antonio,-TX-78244",,3524.0,4177.0,,4016.0,,,,,,4064.0
117,"5319-Shadow-Lake-Dr,-San-Antonio,-TX-78244",,1853.0,2134.0,,2210.0,,,,,,1546.0
118,"5511-Lochmoor,-Apt-1,-San-Antonio,-TX-78244",,,,,,,,,,,
119,"5530-Grand-Lake-Dr,-San-Antonio,-TX-78244",,2462.0,2748.0,,2796.0,,,,,,2155.0
120,"5519-Roanwood,-San-Antonio,-TX-78244",,3004.0,3687.0,,2973.0,,,,,,3732.0
121,"5709-Lochmoor,-San-Antonio,-TX-78244",,,,,,,,,,,
122,"5717-Lochmoor,-San-Antonio,-TX-78244",,,,,,,,,,,
123,"5629-Lochmoor,-San-Antonio,-TX-78244",,,,,,,,,,,
124,"5519-Lochmoor,-Apt-1,-San-Antonio,-TX-78244",,,,,,,,,,,
125,"5515-Lochmoor,-Apt-2,-San-Antonio,-TX-78244",,,,,,,,,,,
126,"5502-Grand-Lake-Dr,-San-Antonio,-TX-78244",,3310.0,3267.0,,3723.0,,,,,,2669.0
127,"5503-Roanwood,-San-Antonio,-TX-78244",,3822.0,4417.0,,4382.0,,,,,,4248.0
128,"7014-Atherton,-San-Antonio,-TX-78244",,,,,,,,,,,
129,"7012-Atherton,-San-Antonio,-TX-78244",,,,,,,,,,,
130,"6921-Trail-Lk,-San-Antonio,-TX-78244",,2146.0,2401.0,,2464.0,,,,,,1810.0
131,"5306-Lake,-Golden,-San-Antonio,-TX-78244",,3231.0,3323.0,,3321.0,,,,,,1997.0
132,"5310-Shadow-Lake-Dr,-San-Antonio,-TX-78244",,2701.0,3604.0,,3015.0,,,,,,3581.0
133,"5218-Lakebend-East-Dr,-San-Antonio,-TX-78244",,3082.0,4362.0,,3779.0,,,,,,4488.0
134,"5323-Lakebend-East-Dr,-San-Antonio,-TX-78244",,1782.0,1886.0,,1883.0,,,,,,897.0
135,"5411-Park-Lk,-San-Antonio,-TX-78244",,,,,,,,,,,
136,"5302-Lake,-Golden,-San-Antonio,-TX-78244",,1805.0,1965.0,,1940.0,,,,,,1135.0
137,"5410-Shadow-Lake-Dr,-San-Antonio,-TX-78244",,2069.0,2285.0,,2357.0,,,,,,1695.0
138,"5402-Shadow-Lake-Dr,-San-Antonio,-TX-78244",,275.0,2058.0,,2125.0,,,,,,1405.0
139,"5318-Shadow-Lake-Dr,-San-Antonio,-TX-78244",,2741.0,3688.0,,3150.0,,,,,,3825.0
140,"5526-Lochmoor,-San-Antonio,-TX-78244",,3670.0,4005.0,,4039.0,,,,,,3778.0
141,"5311-Shadow-Lake-Dr,-San-Antonio,-TX-78244",,2405.0,3293.0,,2817.0,,,,,,3432.0
142,"5522-Lochmoor,-San-Antonio,-TX-78244",,3524.0,4177.0,,4016.0,,,,,,4064.0
143,"5520-Grand-Lake-Dr,-San-Antonio,-TX-78244",,1937.0,2088.0,,2027.0,,,,,,1181.0
144,"5510-Lochmoor,-San-Antonio,-TX-78244",,3645.0,4371.0,,4189.0,,,,,,4267.0
145,"6907-Twin-Lake-Dr,-San-Antonio,-TX-78244",,2584.0,2593.0,,2064.0,,,,,,2642.0
146,"6906-Moon-Lake-Dr,-San-Antonio,-TX-78244",,2772.0,3858.0,,3241.0,,,,,,4026.0
147,"5507-Roanwood,-San-Antonio,-TX-78244",,3754.0,4150.0,,3827.0,,,,,,4154.0
148,"6907-Indian-Lake-Dr,-San-Antonio,-TX-78244",,2778.0,3134.0,,3169.0,,,,,,2535.0
149,"6914-Indian-Lake-Dr,-San-Antonio,-TX-78244",,,,,,,,,,,
150,"6918-Moon-Lake-Dr,-San-Antonio,-TX-78244",,909.0,1027.0,,1013.0,,,,,,729.0
151,"6902-Indian-Lake-Dr,-San-Antonio,-TX-78244",,3061.0,3478.0,,3502.0,,,,,,2873.0
152,"6835-Indian-Lake-Dr,-San-Antonio,-TX-78244",,1260.0,1353.0,,1349.0,,,,,,789.0
153,"6914-Moon-Lake-Dr,-San-Antonio,-TX-78244",,2584.0,2906.0,,2951.0,,,,,,2309.0
154,"5515-Lochmoor,-Apt-1,-San-Antonio,-TX-78244",,,,,,,,,,,
155,"6911-Indian-Lake-Dr,-San-Antonio,-TX-78244",,2165.0,2279.0,,2266.0,,,,,,1084.0
156,"7026-Atherton,-San-Antonio,-TX-78244",,3416.0,3974.0,,3827.0,,,,,,3778.0
157,"6910-Indian-Lake-Dr,-San-Antonio,-TX-78244",,3102.0,2399.0,,2418.0,,,,,,1219.0
158,"5505-Roanwood,-San-Antonio,-TX-78244",,,,,,,,,,,
159,"7023-Atherton,-San-Antonio,-TX-78244",,2878.0,3968.0,,3285.0,,,,,,4019.0
160,"5518-Lochmoor,-San-Antonio,-TX-78244",,3598.0,4277.0,,4100.0,,,,,,4164.0
161,"6926-Moon-Lake-Dr,-San-Antonio,-TX-78244",,3202.0,3223.0,,3245.0,,,,,,4404.0
162,"5603-Lochmoor,-San-Antonio,-TX-78244",,652.0,1031.0,,961.0,,,,,,1124.0
163,"5530-Lochmoor,-San-Antonio,-TX-78244",,3546.0,4222.0,,4058.0,,,,,,4113.0
164,"6826-Twin-Lake-Dr,-San-Antonio,-TX-78244",,2547.0,3026.0,,2804.0,,,,,,3394.0
165,"5532-Lochmoor,-San-Antonio,-TX-78244",,,,,,,,,,,
166,"6829-Blue-Lake-Dr,-San-Antonio,-TX-78244",,924.0,986.0,,993.0,,,,,,596.0
167,"7028-Atherton,-San-Antonio,-TX-78244",,,,,,,,,,,
168,"6827-Blue-Lake-Dr,-San-Antonio,-TX-78244",,887.0,950.0,,959.0,,,,,,579.0
169,"6822-Twin-Lake-Dr,-San-Antonio,-TX-78244",,2404.0,3274.0,,2830.0,,,,,,3187.0
170,"6839-Blue-Lake-Dr,-San-Antonio,-TX-78244",,1805.0,2000.0,,2080.0,,,,,,3076.0
171,"6823-Blue-Lake-Dr,-San-Antonio,-TX-78244",,2403.0,3254.0,,2786.0,,,,,,3386.0
172,"6834-Twin-Lake-Dr,-San-Antonio,-TX-78244",,2522.0,3433.0,,2948.0,,,,,,3565.0
173,"6835-Blue-Lake-Dr,-San-Antonio,-TX-78244",,2443.0,2325.0,,2390.0,,,,,,1736.0
174,"6831-Blue-Lake-Dr,-San-Antonio,-TX-78244",,2847.0,4120.0,,3565.0,,,,,,4257.0
175,"6906-Twin-Lake-Dr,-San-Antonio,-TX-78244",,2680.0,4036.0,,3504.0,,,,,,4184.0
176,"6830-Twin-Lake-Dr,-San-Antonio,-TX-78244",,2070.0,2306.0,,2374.0,,,,,,1716.0
177,"6902-Twin-Lake-Dr,-San-Antonio,-TX-78244",,2775.0,3794.0,,3249.0,,,,,,2341.0
178,"6902-Quail-Lk,-San-Antonio,-TX-78244",,3331.0,3360.0,,3386.0,,,,,,2759.0
179,"6842-Twin-Lake-Dr,-San-Antonio,-TX-78244",,3092.0,2499.0,,3116.0,,,,,,1503.0
180,"6914-Trail-Lk,-San-Antonio,-TX-78244",,2780.0,3602.0,,3130.0,,,,,,3726.0
181,"6915-Quail-Lk,-San-Antonio,-TX-78244",,3273.0,4341.0,,3737.0,,,,,,4698.0
182,"6918-Trail-Lk,-San-Antonio,-TX-78244",,2441.0,3269.0,,2818.0,,,,,,3388.0
183,"6843-Blue-Lake-Dr,-San-Antonio,-TX-78244",,2201.0,2967.0,,2568.0,,,,,,
184,"6934-Trail-Lk,-San-Antonio,-TX-78244",,1298.0,4629.0,,1293.0,,,,,,4520.0
185,"7004-Atherton,-San-Antonio,-TX-78244",,3724.0,4232.0,,4144.0,,,,,,4229.0
186,"6929-Trail-Lk,-San-Antonio,-TX-78244",,2393.0,3274.0,,2804.0,,,,,,3525.0
187,"6911-Trail-Lk,-San-Antonio,-TX-78244",,3441.0,4448.0,,3803.0,,,,,,4593.0
188,"6907-Trail-Lk,-San-Antonio,-TX-78244",,3154.0,3158.0,,3188.0,,,,,,2561.0
189,"6954-Lakeview-Dr,-San-Antonio,-TX-78244",,,7325.0,,6160.0,,,,,,6549.0
190,"7016-Atherton,-San-Antonio,-TX-78244",,3830.0,4129.0,,3933.0,,,,,,
191,"6922-Trail-Lk,-San-Antonio,-TX-78244",,2821.0,2768.0,,2814.0,,,,,,2175.0
192,"6935-Trail-Lk,-San-Antonio,-TX-78244",,2927.0,3953.0,,3442.0,,,,,,4105.0
193,"6919-Trail-Lk,-San-Antonio,-TX-78244",,2499.0,3313.0,,2848.0,,,,,,3436.0
194,"5311-Lakebend-East-Dr,-San-Antonio,-TX-78244",2661.0,,,,,,,,,,
195,"7010-Atherton,-San-Antonio,-TX-78244",,3636.0,3995.0,,3827.0,,,,,,3966.0
196,"7032-Atherton,-San-Antonio,-TX-78244",,,,,,,,,,,
197,"5314-Lake,-Golden,-San-Antonio,-TX-78244",2645.0,2805.0,2764.0,,3115.0,,,,,2887.0,3726.0
198,"7008-Atherton,-San-Antonio,-TX-78244",,3217.0,3685.0,,3616.0,,,,,,3666.0
199,"5503-Grand-Lake-Dr,-San-Antonio,-TX-78244",,3323.0,3100.0,,3499.0,,,,,,5179.0
200,"5314-Shadow-Lake-Dr,-San-Antonio,-TX-78244",,1811.0,2956.0,,2552.0,,,,,,3078.0
201,"5322-Lake,-Golden,-San-Antonio,-TX-78244",,2932.0,3310.0,,3338.0,,,,,,2710.0
202,"5516-Grand-Lake-Dr,-San-Antonio,-TX-78244",,2375.0,2276.0,,2719.0,,,,,,1439.0
203,"5418-Lake-Grove-Dr,-San-Antonio,-TX-78244",,2355.0,3369.0,,2910.0,,,,,,3520.0
204,"5407-Shadow-Lake-Dr,-San-Antonio,-TX-78244",,,,,,,,,,,
205,"5403-Shadow-Lake-Dr,-San-Antonio,-TX-78244",,2349.0,3448.0,,2818.0,,,,,,3591.0
206,"5406-Shadow-Lake-Dr,-San-Antonio,-TX-78244",,2200.0,2902.0,,2589.0,,,,,,2924.0
207,"5625-Lochmoor,-San-Antonio,-TX-78244",,,,,,,,,,,
208,"6914-Quail-Lk,-San-Antonio,-TX-78244",,2656.0,2995.0,,3036.0,,,,,,2397.0
209,"5607-Lochmoor,-San-Antonio,-TX-78244",,5200.0,6420.0,,5941.0,,,,,,5844.0
210,"5607-Lochmoor,---1,-San-Antonio,-TX-78244",,,,,,,,,,,
211,"325-Sw-Trafalgar-Pkwy,-Cape-Coral,-FL-33991",,,4637.0,,3812.0,,,,,,
212,"6636-W-William-Cannon-Dr,-Austin,-TX-78735",,,,,,,,,,,
213,"13529-Coleto-Creek-Trl,-Austin,-TX-78732",,,49879.0,,,,,,,,
214,"7011-W-Parmer-Ln,-Austin,-TX-78729",,,,,,,,,,,
215,"7001-S-Congress-Ave,-Austin,-TX-78745",,,,,,,,,,,
216,"8109-Wolf-Jaw-Cv,-Austin,-TX-78729",,6462.0,11076.0,,,,,,,1219.0,
217,"5200-N-Lamar-Blvd,-Austin,-TX-78751",,,,,,,,,,,
218,"1301-W-5th-St,-Austin,-TX-78703",,,,,,,,,,,
219,"5120-Mansfield-View-Ct,-Austin,-TX-78732",,,43887.0,,,,,,,,
220,"1044-Camino-Ln,-Costa,-Austin,-TX-78752",,,,,,,,,,,
221,"12300-Riata-Trace-Pkwy,-Austin,-TX-78727",,,,,,,,,,,
222,"4913-Wing-Rd,-Austin,-TX-78749",,,10066.0,6455.0,8108.0,,,,,7700.0,
223,"924-Cavalry-Ride-Trl,-Austin,-TX-78732",,,16976.0,,,,,,,10562.0,
224,"2401-Manor-Rd,-Apt-209,-Austin,-TX-78722",,4397.0,4741.0,,4038.0,,,,,,
225,"800-W-38th-St,-Austin,-TX-78705",,,,,,,,,,,
226,"2426-E-6th-St,-Unit-242,-Austin,-TX-78702",,,,,,,,,,,
227,"4811-Burnet-Rd,-Austin,-TX-78756",,,278342.0,,,,,,,269214.0,
228,"1500-E-Riverside-Dr,-Austin,-TX-78741",,,,,,,,,,,
229,"8801-N-Fm-620-Rd,-Austin,-TX-78726",,,,,,,,,,,
230,"2104-E-Anderson-Ln,-Austin,-TX-78752",,,,,,,,,,,
231,"7401-N-Lamar-Blvd,-Austin,-TX-78752",,,,,,,,,,,
232,"12430-Metric-Blvd,-Austin,-TX-78758",,,,,,,,,,,
233,"6500-Champion-Grandview-Way,-Austin,-TX-78750",,,,,,,,,,,
234,"2402-San-Gabriel-St,-Austin,-TX-78705",,,,,,,,,,,
235,"360-Nueces-St,-Apt-1212,-Austin,-TX-78701",,,9807.0,,,,,,,,
236,"1621-E-6th-St,-Austin,-TX-78702",,,,,,,,,,,
237,"8600-N-Lamar-Blvd,-Austin,-TX-78753",,,,,,,,,,,
238,"1911-Willow-Creek-Dr,-Austin,-TX-78741",,,,,,,,,,,
239,"1611-W-5th-St,-Austin,-TX-78703",,,,,,,,,,,
240,"1720-W-Wells-Branch-Pkwy,-Austin,-TX-78728",,,,,,,,,,,
241,"13145-N-Hwy,-183,-Austin,-TX-78750",,,,,,,,,,,
242,"6607-Brodie-Ln,-Austin,-TX-78745",,,,,,,,,,,
243,"3816-S-Lamar-Blvd,-Austin,-TX-78704",,,,,,,,,,,
244,"2504-Huntwick-Dr,-Austin,-TX-78741",,,,,,,,,,,
245,"502-W-Longspur-Blvd,-Austin,-TX-78753",,,,,,,,,,,
246,"1507-Kinney-Ave,-Austin,-TX-78704",,,,,,,,,,,
247,"1100-Reinli-St,-Austin,-TX-78723",,,,,,,,,,,
248,"1309-Zacharys-Way,-Austin,-TX-78748",,5758.0,8591.0,,6011.0,,,,,,
249,"1034-Clayton-Ln,-Austin,-TX-78723",,,,,,,,,,,
250,"11511-Metric-Blvd,-Austin,-TX-78758",,,,,,,,,,,
251,"1403-Norwalk-Ln,-Austin,-TX-78703",,,,,,,,,,,
252,"811-E-11th-St,-Austin,-TX-78702",,,,,,,,,,,
253,"2029-E-7th-St,-Unit-134,-Austin,-TX-78702",,,,,,,,,,,
254,"5402-Ave-F,-Austin,-TX-78751",,,,,,,,,,,
255,"2819-Foster-Ln,-Austin,-TX-78757",,,,,,,,,,,
256,"13217-Vendrell-Dr,-Austin,-TX-78729",,6208.0,9506.0,,7368.0,,,,,,
257,"1511-Faro-Dr,-Austin,-TX-78741",,,,,,,,,,,
258,"1900-W-Saint-Johns-Ave-Unit-A,-Austin,-TX-78757",,,,,,,,,,,
259,"11402-Walnut-Ridge-Dr,-Unit-B,-Austin,-TX-78753",,,,,,,,,,,
260,"12300-Hymeadow-Dr,-Austin,-TX-78750",,,,,,,,,,,
261,"1908-W-Loop,-Apt-A,-Austin,-TX-78758",,,,,,,,,,,
262,"1900-Barton-Springs-Rd,-Unit-4041,-Austin,-TX-78704",,7159.0,10331.0,,,,,,,,
263,"10122-Cassandra-Dr,-Austin,-TX-78717",,7458.0,13068.0,,,,,,,,
264,"6263-Mcneil-Dr,-Austin,-TX-78729",,,,,,,,,,,
265,"8112-Siringo-Pass,-Austin,-TX-78749",,,11412.0,,9417.0,,,,,7852.0,
266,"8000-Decker-Ln,-Austin,-TX-78724",,,,,,,,,,,
267,"7920-San-Felipe-Blvd,-Austin,-TX-78729",,,,,,,,,,,
268,"909-Great-Britain-Blvd,-Austin,-TX-78748",,,8459.0,,6430.0,,,,,,
269,"1810-Adina-St,-Unit-B,-Austin,-TX-78721",,,,,,,,,,,
270,"500-E-Riverside-Dr,-Apt-254,-Austin,-TX-78704",,,5550.0,,4989.0,,,,,,
271,"6503-Bluff-Springs-Rd,-Austin,-TX-78744",,,,,,,,,,,
272,"8312-Fathom-Cir,-Austin,-TX-78750",,,,,,,,,,,
273,"2320-Gracy-Farms-Ln,-Apt-233,-Austin,-TX-78758",,2210.0,2576.0,,2703.0,,,,,,
274,"14100-Avery-Ranch-Blvd,-Unit-701,-Austin,-TX-78717",,,9803.0,,,,,,,1110.0,
275,"7224-Northeast-Dr,-Austin,-TX-78723",,,,,,,,,,,
276,"1624-E-6th-St,-Unit-233,-Austin,-TX-78702",,,,,,,,,,,
277,"313-Brazos-St,-Unit-236,-Austin,-TX-78701",,,,,,,,,,,
278,"8001-S-Ih,---35,-Austin,-TX-78744",,,,,,,,,,,
279,"2505-Longview-St,-Austin,-TX-78705",,,,,,,,,,,
280,"10926-Jollyville-Rd,-Austin,-TX-78759",,,,,,,,,,,
281,"301-West-Ave,-Apt-3502,-Austin,-TX-78701",,,,,,,,,,,
282,"1781-Spyglass-Dr,-Austin,-TX-78746",,,,,,,,,,,
283,"12345-Lamplight-Village-Ave,-Austin,-TX-78758",,,,,,,,,,,
284,"9501-N-Fm-620-Rd,-Austin,-TX-78726",,,,,,,,,,,
285,"500-E-Anderson-Ln,-Austin,-TX-78752",,,,,,,,,,,
286,"7610-Cameron-Rd,-Austin,-TX-78752",,,,,,,,,,,
287,"9617-Great-Hills-Trl,-Austin,-TX-78759",,,,,,,,,,,
288,"2403-Gateshead-Cir,-Austin,-TX-78745",,,13131.0,,,,,,,,
289,"625-E-Stassney-Ln,-Austin,-TX-78745",,,,,,,,,,,
290,"2302-E-William-Cannon-Dr,-Austin,-TX-78744",,,,,,,,,,,
291,"3621-W-Slaughter-Ln,-Austin,-TX-78749",,,,,,,,,,,
292,"1200-Treadwell-St,-Austin,-TX-78704",,,,,,,,,,,
293,"4525-Guadalupe-St,-Austin,-TX-78751",,,,,,,,,,,
294,"8805-N-Plaza-Dr,-Austin,-TX-78753",,,,,,,,,,,
295,"111-Sandra-Muraida-Way,-Austin,-TX-78703",,,,,,,,,,,
296,"600-E-53rd-St,-Austin,-TX-78751",,,,,,,,,,,
297,"1624-E-6th-St,-Unit-12,-Austin,-TX-78702",,,,,,,,,,,
298,"2201-Montopolis-Dr,-Austin,-TX-78741",,,,,,,,,,,
299,"1300-Pleasant-Valley-Rd-S,-Austin,-TX-78741",,,,,,,,,,,
300,"2800-Bartons-Bluff-Ln,-Austin,-TX-78746",,,,,,,,,,,
301,"1401-Enfield-Rd,-Austin,-TX-78703",,,,,,,,,,,
302,"4017-Victory-Dr,-Austin,-TX-78704",,,,,,,,,,,
303,"8912-N-Lamar-Blvd,-Austin,-TX-78753",,,,,,,,,,,
304,"10600-Jollyville-Rd,-Austin,-TX-78759",,,,,,,,,,,
305,"2201-Willow-Creek-Dr,-Austin,-TX-78741",,,,,,,,,,,
306,"4511-Dudmar-Dr,-Austin,-TX-78735",,,13129.0,4555.0,,,,,,,
307,"1600-Barton-Springs-Rd,-Unit-2404,-Austin,-TX-78704",,8439.0,10211.0,,,,,,,,
308,"6908-Colorado-Bluffs-Rd,-Austin,-TX-78744",,,11495.0,,7339.0,,,,,6555.0,
309,"460-Bastrop-Hwy-S,-Austin,-TX-78741",,,,,,,,,,,
310,"1500-Scenic-Dr,-Apt-106,-Austin,-TX-78703",,,23324.0,,,,,,,,
311,"7000-E-Ben-White-Blvd,-Austin,-TX-78741",,,,,,,,,,,
312,"3406-Barranca-Cir,-Austin,-TX-78731",,,25570.0,,25648.0,,,,,,
313,"1003-Justin-Ln,-Austin,-TX-78757",,,,,,,,,,,
314,"300-West-Ave,-Austin,-TX-78701",,,,,,,,,,,
315,"2016-Park-Bend-Dr,-Austin,-TX-78758",735065.0,,,,,,,,,,
316,"6600-Ed-Bluestein-Blvd,-Austin,-TX-78723",,,,,,,,,,,
317,"515-E-Slaughter-Ln,-Austin,-TX-78744",,,,,,,,,,,
318,"127-E-Riverside-Dr,-Austin,-TX-78704",,,,,,,,,,,
319,"1200-E-Parmer-Ln,-Austin,-TX-78753",,,,,,,,,,,
320,"700-Hearn-St,-Austin,-TX-78703",,,,,,,,,,,
321,"7601-Rialto-Blvd,-Austin,-TX-78735",,,,,,,,,,,
322,"2200-S-Pleasant-Valley-Rd,-Austin,-TX-78741",,,,,,,,,,,
323,"15510-Ranch-Road-620-Rd,-Austin,-TX-78717",,,,,,,,,,,
324,"8701-Bluffstone-Cv,-Austin,-TX-78759",,,,,,,,,,,
325,"14100-Thermal-Dr,-Austin,-TX-78728",,,,,,,,,,,
326,"2900-Sunridge-Dr,-Austin,-TX-78741",,,,,,,,,,,
327,"5605-Springdale-Rd,-Austin,-TX-78723",,,,,,,,,,,
328,"8617-Spicewood-Springs-Rd,-Austin,-TX-78759",,,,,,,,,,,
329,"8519-Cahill-Dr,-Austin,-TX-78729",,,,,,,,,,,
330,"8715-W-Hwy,-71,-Austin,-TX-78735",,,,,,,,,,,
331,"4100-W-Slaughter-Ln,-Austin,-TX-78749",,,,,,,,,,,
332,"9900-Mcneil-Dr,-Austin,-TX-78750",,,,,,,,,,,
333,"7201-S-Congress-Ave,-Austin,-TX-78745",,,,,,,,,,,
334,"1300-Spyglass-Dr,-Austin,-TX-78746",,,,,,,,,,,
335,"8615-Rockwood-Ln,-Austin,-TX-78757",,,,,,,,,,,
336,"11011-Domain-Dr,-Austin,-TX-78758",,,,,,,,,,,
337,"815-W-Slaughter-Ln,-Austin,-TX-78748",,,,,,,,,,,
338,"12118-Walnut-Park-Xing,-Austin,-TX-78753",,,,,,,,,,,
339,"8001-Highway,-71-W,-Austin,-TX-78736",,,,,,,,,,,
340,"10050-Great-Hills-Trl,-Austin,-TX-78759",,,,,,,,,,,
341,"2202-2204-Enfield-Rd,-Austin,-TX-78703",,,,,,,,,,,
342,"1845-River-Crossing-Cir,-Austin,-TX-78741",,,,,,,,,,,
343,"201-Lavaca-St,-Austin,-TX-78701",,,,,,,,,,,
344,"5417-S-Mo-Pac-Expy,-Austin,-TX-78749",,,,,,,,,,,
345,"2900-Manor-Rd,-Austin,-TX-78722",,,,,,,,,,,
346,"7200-Duval-St,-Austin,-TX-78752",,,,,,,,,,,
347,"8405-Old-Bee-Caves-Rd,-Austin,-TX-78735",,,,,,,,,,,
348,"1127-Pearl-Retreat-Ln,-Austin,-TX-78753",,,,,,,,,,,
349,"12101-N-Lamar-Blvd,-Austin,-TX-78753",,,,,,,,,,,
350,"2310-Wickersham-Ln,-Austin,-TX-78741",,,,,,,,,,,
351,"1717-Toomey-Rd,-Austin,-TX-78704",,,,,,,,,,,
352,"3501-Shoreline-Dr,-Austin,-TX-78728",,,,,,,,,,,
353,"1143-Shady-Ln,-Austin,-TX-78721",,,,,,,,,,,
354,"14000-Renaissance-Ct,-Austin,-TX-78728",,,,,,,,,,,
355,"11301-Farrah-Ln,-Austin,-TX-78748",,,,,,,,,,,
356,"1521-Reagan-Hill-Dr,-Austin,-TX-78752",,,,,,,,,,,
357,"9301-Old-Bee-Caves-Rd,-Austin,-TX-78735",,,,,,,,,,,
358,"12820-N-Lamar-Blvd,-Austin,-TX-78753",,,,,,,,,,,
359,"13201-Legendary-Dr,-Austin,-TX-78727",,,,,,,,,,,
360,"4716-Duval-Rd,-Austin,-TX-78727",,,,,,,,,,,
361,"2126-Goodrich-Ave,-Austin,-TX-78704",,,,,,,,,,,
362,"5705-Diehl-Trl,-Austin,-TX-78727",,,,,,,,,,,
363,"507-Pressler-St,-Austin,-TX-78703",,,,,,,,,,,
364,"11500-Jollyville-Rd,-Austin,-TX-78759",,,,,,,,,,,
365,"5020-Manor-Rd,-Austin,-TX-78723",,,,,,,,,,,
366,"9009-N-Fm-620-Rd,-Austin,-TX-78726",,,,,,,,,,,
367,"3101-Wells-Branch-Pkwy,-Austin,-TX-78728",,,,,,,,,,,
368,"1401-Saint-Edwards-Dr,-Austin,-TX-78704",,,,,,,,,,,
369,"304-E-William-Cannon-Dr,-Austin,-TX-78745",,,,,,,,,,,
370,"3101-Shoreline-Dr,-Austin,-TX-78728",,,,,,,,,,,
371,"12100-Metric-Blvd,-Austin,-TX-78758",,,,,,,,,,,
372,"600-Barwood-Park,-Austin,-TX-78753",,,,,,,,,,,
373,"1909-Rio-Grande-St,-Austin,-TX-78705",,,,,,,,,,,
374,"3400-Ranch-Rd,-620-S,-Austin,-TX-78738",,,,,,,,,,,
375,"1630-E-6th-St,-Austin,-TX-78702",,,,,,,,,,,
376,"2810-Hemphill-Park,-Austin,-TX-78705",,,,,,,,,,,
377,"3201-Duval-Rd,-Austin,-TX-78759",,,,,,,,,,,
378,"4310-Ave-B,-Austin,-TX-78751",,,,,,,,,,,
379,"10301-Burnet-Rd,-Austin,-TX-78758",,,,,,,,,,,
380,"5400-N-Lamar-Blvd,-Austin,-TX-78751",,,,,,,,,,,
381,"2425-Cromwell-Cir,-Austin,-TX-78741",,,,,,,,,,,
382,"2430-Cromwell-Cir,-Austin,-TX-78741",,,,,,,,,,,
383,"12435-Dessau-Rd,-Austin,-TX-78754",,,,,,,,,,,
384,"1000-E-5th-St,-Austin,-TX-78702",,,,,,,,,,,
385,"1901-Onion-Creek-Pkwy,-Austin,-TX-78748",,,,,,,,,,,
386,"10015-Lake-Creek-Pkwy,-Austin,-TX-78729",,,,,,,,,,,
387,"12000-Dessau-Rd,-Austin,-TX-78754",,,,,,,,,,,
388,"3505-S-Lamar-Blvd,-Austin,-TX-78704",,,,,,,,,,,
389,"8225-N-Fm-620-Rd,-Austin,-TX-78726",1325322.0,1487032.0,2114737.0,1335833.0,1624327.0,,992049.0,,1281483.0,1609160.0,2120277.0
390,"1915-Wells-Branch-Pkwy,-Austin,-TX-78728",,,,,,,,,,,
391,"12638-Ridgeline-Blvd,-Austin,-TX-78613",,,,,,,,,,,
392,"3600-Greystone-Dr,-Austin,-TX-78731",,,,,,,,,,,
393,"5708-W-Parmer-Ln,-Austin,-TX-78727",,,,,,,,,,,
394,"1215-Slaughter-Ln-W,-Austin,-TX-78748",,,,,,,,,,,
395,"10727-Domain-Dr,-Austin,-TX-78758",,,,,,,,,,,
396,"10505-S-Interstate-Hwy,-35,-Austin,-TX-78747",,,,,,,,,,,
397,"833-Fairfield-Dr,-Austin,-TX-78758",,,,,,,,,,,
398,"4520-Bennett-Ave,-Austin,-TX-78751",,,,,,,,,,,
399,"12041-Dessau-Rd,-Austin,-TX-78754",,,,,,,,,,,
400,"11210-FM-2222,-Austin,-TX-78730",,,,,,,,,,,
401,"4505-Duval-St,-Austin,-TX-78751",,,,,,,,,,,
402,"1801-Fortview-Rd,-Austin,-TX-78704",,,,,,,,,,,
403,"1900-Onion-Creek-Pkwy,-Austin,-TX-78748",,,,,,,,,,,
404,"300-Ferguson-Dr,-Austin,-TX-78753",,,,,,,,,,,
405,"5010-S-Congress-Ave,-Austin,-TX-78745",,,,,,,,,,,
406,"6280-Mcneil-Ranch-Dr,-Austin,-TX-78729",,,,,,,,,,,
407,"2900-Century-Park-Blvd,-Austin,-TX-78727",,,,,,,,,,,
408,"4800-Steiner-Ranch-Blvd,-Austin,-TX-78732",,,,,,,,,,,
409,"1620-E-Riverside-Dr,-Austin,-TX-78741",,,,,,,,,,,
410,"15433-FM-1325,-Austin,-TX-78728",,,,,,,,,,,
411,"14745-Merriltown-Rd,-Austin,-TX-78728",,,,,,,,,,,
412,"9520-9521-Spectrum-Dr,-Austin,-TX-78717",,,,,,,,,,,
413,"8800-Highway,-290-W,-Austin,-TX-78736",,,,,,,,,,,
414,"6855-E-Hwy,-290,-Austin,-TX-78723",,,,,,,,,,,
415,"614-S-1st-St,-Austin,-TX-78704",,,,,,,,,,,
416,"12113-Metric-Blvd,-Austin,-TX-78758",,,,,,,,,,,
417,"13401-Metric-Blvd,-Austin,-TX-78727",,,,,,,,,,,
418,"4821-Riverside-Dr-E,-Austin,-TX-78741",,,,,,,,,,,
419,"2101-W-Anderson-Ln,-Austin,-TX-78757",,,,,,,,,,,
420,"7201-Hart-Ln,-Austin,-TX-78731",,,,,,,,,,,
421,"701-Center-Ridge-Dr,-Austin,-TX-78753",,,,,,,,,,,
422,"5005-Manor-Rd,-Austin,-TX-78723",,,,,,,,,,,
423,"10127-Middle-Fiskville-Rd,-Austin,-TX-78753",,,,,,,,,,,
424,"3503-Speedway,-Austin,-TX-78705",,,,,,,,,,,
425,"1701-Oak-Hill-Ln,-Austin,-TX-78744",,,,,,,,,,,
426,"1088-Park-Plaza-Dr,-Austin,-TX-78753",,,,,,,,,,,
427,"1300-E-Riverside-Dr,-Austin,-TX-78741",,,,,,,,,,,
428,"409-E-William-Cannon-Dr,-Austin,-TX-78745",,,,,,,,,,,
429,"1200-1201-Broadmoor-Dr,-Austin,-TX-78723",,,,,,,,,,,
430,"3300-Parker-Ln,-Austin,-TX-78741",,,,,,,,,,,
431,"11600-11634-Argonne-Forest-Trl,-Austin,-TX-78759",,,,,,,,,,,
432,"3100-Kramer-Ln,-Austin,-TX-78758",,,,,,,,,,,
433,"801-Sugaree-Ave,-Austin,-TX-78757",,,,,,,,,,,
434,"4711-E-Riverside-Dr,-Austin,-TX-78741",,,,,,,,,,,
435,"1901-E-Anderson-Ln,-Austin,-TX-78752",,,,,,,,,,,
436,"739-William-Cannon-Dr-W,-Austin,-TX-78745",,,,,,,,,,,
437,"4320-Congress-Ave-S,-Austin,-TX-78745",,,,,,,,,,,
438,"10101-W-Parmer-Ln,-Austin,-TX-78717",,,,,,,,,,,
439,"1804-W-Rundberg-Ln,-Austin,-TX-78758",,,,,,,,,,,
440,"7700-N-Capital-Of-Texas-Hwy,-Austin,-TX-78731",,,,,,,,,,,
441,"3801-S-Congress-Ave,-Austin,-TX-78704",,,,,,,,,,,
442,"125-Woodward-St,-Austin,-TX-78704",,,,,,,,,,,
443,"8505-8525-Shoal-Creek-Blvd,-Austin,-TX-78757",,,,,,,,,,,
444,"10001-S-1st-St,-Austin,-TX-78748",,,,,,,,,,,
445,"3200-S-1st-St,-Austin,-TX-78704",,,,,,,,,,,
446,"609-Clayton-Ln,-Austin,-TX-78752",,,,,,,,,,,
447,"13635-Rutledge-Spur,-Austin,-TX-78717",,,,,,,,,,,
448,"744-W-William-Cannon-Dr,-Austin,-TX-78745",,,,,,,,,,,
449,"4021-Steck-Ave,-Austin,-TX-78759",,,,,,,,,,,
450,"8200-8220-Research-Blvd,-Austin,-TX-78758",,,,,,,,,,,
451,"2900-S-1st-St,-Austin,-TX-78704",,,,,,,,,,,
452,"12800-Harrisglenn-Dr,-Austin,-TX-78753",,1135439.0,1595331.0,,1276626.0,,,,,1182447.0,1593513.0
453,"1711-Rutland-Dr,-Austin,-TX-78758",,,,,,,,,,,
454,"4306-N-Quinlan-Park-Rd,-Austin,-TX-78732",,,,,,,,,,,
455,"9500-Alice-Mae-Ln,-Austin,-TX-78748",,,,,,,,,,,
456,"8071-N-Lamar-Blvd,-Austin,-TX-78753",,,,,,,,,,,
457,"1630-Rutland-Dr,-Austin,-TX-78758",,447634.0,602352.0,349810.0,,,,,,509906.0,
458,"4603-Todds-Farm,-San-Antonio,-TX-78244",,4289.0,6099.0,,4829.0,,,,,,
459,"500-Tomar-Dr,-San-Antonio,-TX-78227",,,,,,,,,,,
460,"3787-Perrin-Central-Blvd,-San-Antonio,-TX-78217",,,,,,,,,,,
461,"17715-Overlook-Loop,-San-Antonio,-TX-78259",,,,,,,,,,,
462,"1540-W-Bitters-Rd,-San-Antonio,-TX-78248",,,,,,,,,,,
463,"4620-Thousand-Oaks-Dr,-San-Antonio,-TX-78233",,,,,,,,,,,
464,"7110-Wurzbach-Rd,-San-Antonio,-TX-78240",,,,,,,,,,,
465,"7750-Culebra-Rd,-San-Antonio,-TX-78251",,,,,,,,,,,
466,"7733-Louis-Pasteur-Dr,-San-Antonio,-TX-78229",,,,,,,,,,,
467,"7314-Oak-Manor-Dr,-San-Antonio,-TX-78229",,,,,,,,,,,
468,"2519-Broadway-St,-San-Antonio,-TX-78215",,,,,,,,,,,
469,"7811-Chambers-Rd,-San-Antonio,-TX-78229",,,,,,,,,,,
470,"12200-W-Interstate-10,-San-Antonio,-TX-78230",,,,,,,,,,,
471,"400-W-Bitters-Rd,-San-Antonio,-TX-78216",,,,,,,,,,,
472,"11146-Vance-Jackson-Rd,-San-Antonio,-TX-78230",,,,,,,,,,,
473,"3629-Medical-Dr,-San-Antonio,-TX-78229",,,,,,,,,,,
474,"12910-Clubhouse-Blvd,-San-Antonio,-TX-78221",,,,,,,,,,,
475,"Alamo-Ranch-Pkwy---1604-And-Loop,-San-Antonio,-TX-78253",,,,,,,,,,,
476,"2906-Woodcliffe-St,-San-Antonio,-TX-78230",,,,,,,,,,,
477,"4515-Gardendale-St,-San-Antonio,-TX-78240",,,,,,,,,,,
478,"6419-N-Vandiver-Rd,-San-Antonio,-TX-78209",,,,,,,,,,,
479,"3231-Loop,-1604---1604W,-San-Antonio,-TX-78257",,,,,,,,,,,
480,"5315-Fredericksburg-Rd,-San-Antonio,-TX-78229",,,,,,,,,,,
481,"3538-Puesta-De-Sol,-San-Antonio,-TX-78261",,,15689.0,,,,,,,,15719.0
482,"6400-Wurzbach-Rd,-San-Antonio,-TX-78240",,,,,,,,,,,
483,"1935-Broken-Oak-St,-San-Antonio,-TX-78232",,,,,,,,,,,
484,"6222-S-New-Braunfels-Ave,-San-Antonio,-TX-78223",,,,,,,,,,,
485,"5650-Grissom-Rd,-San-Antonio,-TX-78238",,,,,,,,,,,
486,"223-Brackenridge-Ave,-San-Antonio,-TX-78209",,,,,,,,,,,
487,"9939-Fredericksburg-Rd,-San-Antonio,-TX-78240",,,,,,,,,,,
488,"6014-Blanco-Rd,-San-Antonio,-TX-78216",,,,,,,,,,,
489,"254-Cloverleaf-Ave,-Apt-4,-San-Antonio,-TX-78209",,,,,,,,,,,
490,"1835-Lockhill-Selma-Rd,-San-Antonio,-TX-78213",,,,,,,,,,,
491,"16333-Vance-Jackson-Rd,-San-Antonio,-TX-78257",,,,,,,,,,,
492,"2551-Cincinnati-Ave,-San-Antonio,-TX-78228",,,4471.0,,,,,,,,
493,"3926-Woodbridge-Way,-San-Antonio,-TX-78257",,7043.0,8958.0,,,,,,,,9046.0
494,"137-E-Norwood-Ct,-Apt-3,-San-Antonio,-TX-78212",,,,,,,,,,,
495,"25138-Summit-Crk,-San-Antonio,-TX-78258",,,7723.0,,6710.0,,,,,,8009.0
496,"8130-Sunshine-Trail-Dr,-San-Antonio,-TX-78244",,,,,,,,,,,
497,"112111-Saratoga-Coach,-San-Antonio,-TX-78254",,,,,,,,,,,
498,"8523-Spicewood-Bnd,-San-Antonio,-TX-78255",,,6779.0,,5378.0,,,,,,
499,"8000-8012-Aeromedical-Rd,-San-Antonio,-TX-78235",,,,,,,,,,,
